<?xml version="1.0" encoding="UTF-8"?>
<project-private xmlns="http://www.netbeans.org/ns/project-private/1">
    <editor-bookmarks xmlns="http://www.netbeans.org/ns/editor-bookmarks/2" lastBookmarkId="0"/>
    <open-files xmlns="http://www.netbeans.org/ns/projectui-open-files/2">
        <group>
            <file>file:/C:/Users/Utilisateur/Documents/NetBeansProjects/EmployeSalaire/src/employesalaire/EmployeSalaire.java</file>
            <file>file:/C:/Users/Utilisateur/Documents/NetBeansProjects/EmployeSalaire/src/employesalaire/Employe.java</file>
            <file>file:/C:/Users/Utilisateur/Documents/NetBeansProjects/EmployeSalaire/src/employesalaire/Vendeur.java</file>
            <file>file:/C:/Users/Utilisateur/Documents/NetBeansProjects/EmployeSalaire/src/employesalaire/Representant.java</file>
            <file>file:/C:/Users/Utilisateur/Documents/NetBeansProjects/EmployeSalaire/src/employesalaire/Personnel.java</file>
            <file>file:/C:/Users/Utilisateur/Documents/NetBeansProjects/EmployeSalaire/src/employesalaire/Technicien.java</file>
            <file>file:/C:/Users/Utilisateur/Documents/NetBeansProjects/EmployeSalaire/src/employesalaire/Manutentionnaire.java</file>
        </group>
    </open-files>
</project-private>
